survey_run_id,title,raw_format,assay_hint,sample_hint,flow_cell_product_code,sequencing_kit,catalog_match_status,platform_class_resolved,analysis_config_change,data_service_unblock_mux_change,mux_change,signal_negative,signal_positive,unblock_mux_change,called_reads,other,non_signal_positive,non_signal_positive_pct,signal_positive_pct,unblock_mux_change_pct,mux_change_pct,signal_negative_pct,analysis_config_change_pct,data_service_unblock_mux_change_pct,other_pct,top_non_signal_reason,top_non_signal_reads,top_non_signal_pct,low_depth,run_number,run_date,short_label,plot_label,condition_label
gl_er_01_20210331-1614-5a-pag29002-71ba5841,20210331_1614_5A_PAG29002_71ba5841,fast5,unspecified,ONLA29098_3,FLO-PRO111,sqk-lsk109,unmatched,PromethION,0,0,1279,10,22420,8291,32000,0,9580,29.9375,70.0625,25.909375,3.996875,0.03125,0.0,0.0,0.0,unblock_mux_change,8291,25.909375,False,ER01,2021-03-31,ER01 | FAST5 | unspecified,ER01 | 2021-03-31 | FAST5 | unspecified,ER01 FAST5 FLO-PRO111 sqk-lsk109
gl_er_02_20220503-1708-1h-pam63103-c3de1ce7,20220503_1708_1H_PAM63103_c3de1ce7,fast5,unspecified,flowcells,FLO-PRO114M,sqk-lsk114t,unmatched,PromethION,0,0,0,31,31816,153,32000,0,184,0.575,99.425,0.478125,0.0,0.096875,0.0,0.0,0.0,unblock_mux_change,153,0.478125,False,ER02,2022-05-03,ER02 | FAST5 | unspecified,ER02 | 2022-05-03 | FAST5 | unspecified,ER02 FAST5 FLO-PRO114M sqk-lsk114t
gl_er_03_20220510-1127-5f-pam63167-d3c6b017,20220510_1127_5F_PAM63167_d3c6b017,fast5,unspecified,ONLA29132,FLO-PRO114M,sqk-ulk114,unmatched,PromethION,0,0,138,13,29850,1999,32000,0,2150,6.71875,93.28125,6.246875,0.43125,0.040625,0.0,0.0,0.0,unblock_mux_change,1999,6.246875,False,ER03,2022-05-10,ER03 | FAST5 | unspecified,ER03 | 2022-05-10 | FAST5 | unspecified,ER03 FAST5 FLO-PRO114M sqk-ulk114
gl_er_04_20241002-1142-mn47455-ats581-1b3bae91,20241002_1142_MN47455_ATS581_1b3bae91,pod5,pharmacogenomics,cyp,FLO-FLG114,sqk-lsk114,matched,MinION,0,0,16,4,1417,29,1466,0,49,3.3424283765347886,96.65757162346522,1.9781718963165076,1.0914051841746248,0.2728512960436562,0.0,0.0,0.0,unblock_mux_change,29,1.9781718963165076,True,ER04,2024-10-02,ER04 | POD5 | pharmacogenomics,ER04 | 2024-10-02 | POD5 | pharmacogenomics,ER04 POD5 FLO-FLG114 sqk-lsk114
gl_er_05_20241022-1112-mn47455-awd455-ec110aed,20241022_1112_MN47455_AWD455_ec110aed,pod5,Cas9-targeted,cyp,FLO-FLG114,sqk-lsk114,matched,MinION,0,0,7,2,6019,96,6124,0,105,1.7145656433703462,98.28543435662965,1.5676028739386023,0.11430437622468975,0.032658393207054215,0.0,0.0,0.0,unblock_mux_change,96,1.5676028739386023,False,ER05,2024-10-22,ER05 | POD5 | Cas9-targeted,ER05 | 2024-10-22 | POD5 | Cas9-targeted,ER05 POD5 FLO-FLG114 sqk-lsk114
gl_er_06_20250515-1055-mn48328-azl258-4956feb0,20250515_1055_MN48328_AZL258_4956feb0,pod5,plasmid,2925_PvuII_0_5uL_25fmol,FLO-FLG114,sqk-lsk114,matched,MinION,0,0,0,13,49966,21,50000,0,34,0.068,99.932,0.042,0.0,0.026,0.0,0.0,0.0,unblock_mux_change,21,0.042,False,ER06,2025-05-15,ER06 | POD5 | plasmid,ER06 | 2025-05-15 | POD5 | plasmid,ER06 POD5 FLO-FLG114 sqk-lsk114
gl_er_07_20241007-1604-mn47455-atp988-0b11bed3,20241007_1604_MN47455_ATP988_0b11bed3,pod5,pharmacogenomics,cyp,FLO-FLG114,sqk-lsk114,matched,MinION,0,0,21,73,36580,172,36846,0,266,0.7219236823535797,99.27807631764642,0.4668077946045704,0.056993974922651035,0.19812191282635835,0.0,0.0,0.0,unblock_mux_change,172,0.4668077946045704,False,ER07,2024-10-07,ER07 | POD5 | pharmacogenomics,ER07 | 2024-10-07 | POD5 | pharmacogenomics,ER07 POD5 FLO-FLG114 sqk-lsk114
gl_er_08_20241107-1655-mn48004-fba70225-773d3c35,20241107_1655_MN48004_FBA70225_773d3c35,pod5,Cas9-targeted,cyp,FLO-MIN114,sqk-lsk114,unmatched,MinION,0,0,23,84,49119,774,50000,0,881,1.762,98.238,1.548,0.046,0.168,0.0,0.0,0.0,unblock_mux_change,774,1.548,False,ER08,2024-11-07,ER08 | POD5 | Cas9-targeted,ER08 | 2024-11-07 | POD5 | Cas9-targeted,ER08 POD5 FLO-MIN114 sqk-lsk114
gl_er_09_20250703-1644-md-100098-fbb32599-55664064,20250703_1644_MD-100098_FBB32599_55664064,pod5,plasmid,plasmid,FLO-MIN114,sqk-rbk114-24,unmatched,MinION,0,0,18,54,49598,330,50000,0,402,0.804,99.196,0.66,0.036,0.108,0.0,0.0,0.0,unblock_mux_change,330,0.66,False,ER09,2025-07-03,ER09 | POD5 | plasmid,ER09 | 2025-07-03 | POD5 | plasmid,ER09 POD5 FLO-MIN114 sqk-rbk114-24
gl_er_10_20250625-1833-md-100098-fbb37666-707a623e,20250625_1833_MD-100098_FBB37666_707a623e,pod5,Cas9-targeted,cyp,FLO-MIN114,sqk-lsk114,unmatched,MinION,3,0,2,110,38726,524,39365,0,639,1.6232694017528262,98.37673059824718,1.331131715991363,0.0050806554045471864,0.27943604725009524,0.00762098310682078,0.0,0.0,unblock_mux_change,524,1.331131715991363,False,ER10,2025-06-25,ER10 | POD5 | Cas9-targeted,ER10 | 2025-06-25 | POD5 | Cas9-targeted,ER10 POD5 FLO-MIN114 sqk-lsk114
gl_er_11_20250627-1402-md-100098-fbb32999-ac91bc0c,20250627_1402_MD-100098_FBB32999_ac91bc0c,pod5,pharmacogenomics,cyp,FLO-MIN114,sqk-lsk114,unmatched,MinION,0,0,0,21,49962,17,50000,0,38,0.076,99.924,0.034,0.0,0.042,0.0,0.0,0.0,signal_negative,21,0.042,False,ER11,2025-06-27,ER11 | POD5 | pharmacogenomics,ER11 | 2025-06-27 | POD5 | pharmacogenomics,ER11 POD5 FLO-MIN114 sqk-lsk114
gl_er_12_20250713-2118-md-102066-fbd19495-6395e55e,20250713_2118_MD-102066_FBD19495_6395e55e,pod5,WGS,greg_DNA_sample3_NS_jul13,FLO-MIN114,sqk-lsk114,unmatched,MinION,0,0,0,42,49524,434,50000,0,476,0.952,99.048,0.868,0.0,0.084,0.0,0.0,0.0,unblock_mux_change,434,0.868,False,ER12,2025-07-13,ER12 | POD5 | WGS,ER12 | 2025-07-13 | POD5 | WGS,ER12 POD5 FLO-MIN114 sqk-lsk114
gl_er_13_20250805-1124-1e-pbe95110-a36d5ac5,20250805_1124_1E_PBE95110_a36d5ac5,pod5,unspecified,14136-CZ-1,FLO-PRO114M,sqk-lsk114,unmatched,PromethION,0,0,349,169,48492,990,50000,0,1508,3.016,96.984,1.98,0.698,0.338,0.0,0.0,0.0,unblock_mux_change,990,1.98,False,ER13,2025-08-05,ER13 | POD5 | unspecified,ER13 | 2025-08-05 | POD5 | unspecified,ER13 POD5 FLO-PRO114M sqk-lsk114
gl_er_14_20250819-2057-md-102066-fbd65978-f6ad7dd5,20250819_2057_MD-102066_FBD65978_f6ad7dd5,pod5,SMA-seq,sma,FLO-MIN114,sqk-nbd114-24,unmatched,MinION,5,0,39,94,30872,632,31642,0,770,2.4334744959231402,97.56652550407686,1.997345300549902,0.12325390304026294,0.29707350989191583,0.015801782441059353,0.0,0.0,unblock_mux_change,632,1.997345300549902,False,ER14,2025-08-19,ER14 | POD5 | SMA-seq,ER14 | 2025-08-19 | POD5 | SMA-seq,ER14 POD5 FLO-MIN114 sqk-nbd114-24
gl_er_15_20251124-2039-md-101527-fbd68976-9f9f4bc1,20251124_2039_MD-101527_FBD68976_9f9f4bc1,pod5,SMA-seq,sma,FLO-MIN114,sqk-nbd114-24,unmatched,MinION,0,0,0,2,701,4,707,0,6,0.8486562942008486,99.15134370579915,0.5657708628005658,0.0,0.2828854314002829,0.0,0.0,0.0,unblock_mux_change,4,0.5657708628005658,True,ER15,2025-11-24,ER15 | POD5 | SMA-seq,ER15 | 2025-11-24 | POD5 | SMA-seq,ER15 POD5 FLO-MIN114 sqk-nbd114-24
gl_er_16_20250825-1742-md-102066-fbd66456-ac2d2982,20250825_1742_MD-102066_FBD66456_ac2d2982,pod5,pharmacogenomics,barcode19,FLO-MIN114,sqk-nbd114-24,unmatched,MinION,0,7,0,1,0,0,8,0,8,100.0,0.0,0.0,0.0,12.5,0.0,87.5,0.0,data_service_unblock_mux_change,7,87.5,True,ER16,2025-08-25,ER16 | POD5 | pharmacogenomics,ER16 | 2025-08-25 | POD5 | pharmacogenomics,ER16 POD5 FLO-MIN114 sqk-nbd114-24
gl_er_17_20250515-0914-md-101527-azf074-f2c046fe,20250515_0914_MD-101527_AZF074_f2c046fe,pod5,plasmid,2925_100fmol_2uL_no2ndRE,FLO-FLG114,sqk-lsk114,matched,MinION,0,0,0,101,49339,560,50000,0,661,1.322,98.678,1.12,0.0,0.202,0.0,0.0,0.0,unblock_mux_change,560,1.12,False,ER17,2025-05-15,ER17 | POD5 | plasmid,ER17 | 2025-05-15 | POD5 | plasmid,ER17 POD5 FLO-FLG114 sqk-lsk114
gl_er_18_20260129-2152-md-101527-fbd70599-9621d647,20260129_2152_MD-101527_FBD70599_9621d647,pod5,SMA-seq,sma,FLO-MIN114,sqk-nbd114-24,unmatched,MinION,0,0,0,4,1598,245,1847,0,249,13.481321061180292,86.5186789388197,13.264753654574987,0.0,0.2165674066053059,0.0,0.0,0.0,unblock_mux_change,245,13.264753654574987,True,ER18,2026-01-29,ER18 | POD5 | SMA-seq,ER18 | 2026-01-29 | POD5 | SMA-seq,ER18 POD5 FLO-MIN114 sqk-nbd114-24
gl_er_19_20260423-1659-md-101527-fbd64710-7c5452b3,20260423_1659_MD-101527_FBD64710_7c5452b3,pod5,barcoded,cyp,FLO-MIN114,sqk-rbk114-24,unmatched,MinION,0,0,0,0,1,0,1,0,0,0.0,100.0,0.0,0.0,0.0,0.0,0.0,0.0,none,0,0.0,True,ER19,2026-04-23,ER19 | POD5 | barcoded,ER19 | 2026-04-23 | POD5 | barcoded,ER19 POD5 FLO-MIN114 sqk-rbk114-24
gl_er_20_20250714-1456-md-101527-fbc97882-a1ca366f,20250714_1456_MD-101527_FBC97882_a1ca366f,pod5,Cas9-targeted,cyp,FLO-MIN114,sqk-lsk114-xl,unmatched,MinION,14,0,18,38,9249,350,9669,0,420,4.343779087806392,95.6562209121936,3.6198159065053264,0.18616196090598822,0.393008584134864,0.14479263626021305,0.0,0.0,unblock_mux_change,350,3.6198159065053264,False,ER20,2025-07-14,ER20 | POD5 | Cas9-targeted,ER20 | 2025-07-14 | POD5 | Cas9-targeted,ER20 POD5 FLO-MIN114 sqk-lsk114-xl
