run_id,cohort,raw_status,raw_uri,raw_format,raw_files_n,raw_bytes,reads_total,signal_positive,unblock_mux_change,data_service_unblock_mux_change,mux_change,signal_negative,other,count_command,code_commit,slurm_job_id,started_at,finished_at,source_before_rerun,flow_cell,kit,notes
ER06,internal,raw_unavailable,/nfs/turbo/umms-atheylab/gregfar/SMS/SMS_POP_data/Single_MOlecule_Species_Eco53KI/2925_PvuII_0_5uL_25fmol/20250515_1055_MN48328_AZL258_4956feb0/pod5,pod5,,,1279857,,,,,,,,,,,,catalogue_full_n,FLO-FLG114,LSK114,"catalogue_full_n: full-N count from catalogue (1,279,857 reads). Raw POD5/FAST5 not accessible from this workstation — requires GL with Turbo mount for pod5_full_n_refill upgrade. Not estimate-only; already full-N."
ER09,internal,raw_unavailable,/nfs/turbo/umms-atheylab/sequencing_data/data_from_linux_desktop_lab/rapid_barcode_plasmid_24/IF_CZ_July3_initialGGexperiment/20250703_1644_MD-100098_FBB32599_55664064/pod5_pass/barcode01,pod5,,,11475574,,,,,,,,,,,,seqsum_full_n,FLO-MIN114,RBK114,"seqsum_full_n: full-N count from sequencing summary (11,475,574 reads). Raw POD5 not accessible from this workstation. Not estimate-only; already full-N."
ER12,internal,raw_unavailable,/nfs/turbo/umms-atheylab/sequencing_data/data_from_linux_desktop_lab/WGS_LSK_human/greg_DNA_sample3_NS_jul13/20250713_2118_MD-102066_FBD19495_6395e55e/pod5,pod5,,,200128,,,,,,,,,,,,seqsum_full_n,FLO-MIN114,LSK114,"seqsum_full_n: full-N count from sequencing summary (200,128 reads). Not estimate-only; already full-N."
ER13,internal,raw_unavailable,/nfs/turbo/umms-atheylab/sequencing_data/data_from_linux_desktop_lab/Fall2025/AGC/14136-CZ-1/20250805_1124_1E_PBE95110_a36d5ac5/pod5,pod5,,,965659,,,,,,,,,,,,seqsum_full_n,FLO-PRO114M,LSK114,"seqsum_full_n: full-N count (965,659 reads). Not estimate-only; already full-N."
ER14,internal,raw_unavailable,/nfs/turbo/umms-atheylab/sequencing_data/data_from_linux_desktop_lab/Fall2025/081920205_IF_Pilot_SMA_seq/no_sample_id/20250819_2057_MD-102066_FBD65978_f6ad7dd5/pod5_pass/V016,pod5,,,5147265,,,,,,,,,,,,seqsum_full_n,FLO-MIN114,NBD114,"seqsum_full_n: full-N count (5,147,265 reads). Not estimate-only; already full-N."
ER15,internal,raw_unavailable,/nfs/turbo/umms-atheylab/sequencing_data/data_from_linux_desktop_lab/Fall2025/11242025_IF_Part4_CIP_Treated_SMA_seq/no_sample_id/20251124_2039_MD-101527_FBD68976_9f9f4bc1/pod5_pass/V04_3,pod5,,,707,,,,,,,,,,,,full_n_below_cap,FLO-MIN114,NBD114,"full_n_below_cap: 707 reads total — tiny run, all reads counted. Not estimate-only."
ER17,internal,raw_unavailable,/nfs/turbo/umms-atheylab/gregfar/SMS/SMS_POP_data/Single_MOlecule_Species_Eco53KI/2925_100fmol_2uL_no2ndRE/20250515_0914_MD-101527_AZF074_f2c046fe/pod5,pod5,,,872600,,,,,,,,,,,,catalogue_full_n,FLO-FLG114,LSK114,"catalogue_full_n: full-N count from catalogue (872,600 reads). Not estimate-only; already full-N."
ER18,internal,raw_unavailable,/nfs/turbo/umms-atheylab/sequencing_data/data_from_linux_desktop_lab/20260129_IF_GG_Part5_Odd/20260129_IF_SMAseq_Ggallphos_extended_1/20260129_2152_MD-101527_FBD70599_9621d647/pod5_pass/mixed,pod5,,,1847,,,,,,,,,,,,full_n_below_cap,FLO-MIN114,NBD114,"full_n_below_cap: 1,847 reads — tiny run, all reads counted. Not estimate-only."
ER19,internal,raw_unavailable,/nfs/turbo/umms-atheylab/Migration_data_backup/data1/CYP2D7_Level_2_rapid_barcode/first_run/20260423_1659_MD-101527_FBD64710_7c5452b3/pod5_pass/barcode19,pod5,,,1,,,,,,,,,,,,full_n_below_cap,FLO-MIN114,RBK114,full_n_below_cap: 1 read — single-read run. Not estimate-only.
ER21,internal,full_raw_counted,pod5(with pod5 skip),pod5,,,4563942,,,,,,,,,,,,seqsum_full_n_refill,FLO-MIN114,RAD114,catalogue_sheet4 source; full GL recount completed from /nfs/turbo/umms-atheylab/backup_from_desktop/Files_On_Linux_Desktop/data2/sequencing_data/WholeEColiGenomeAssembly/Strain3040pCYP32325prep_rapid/20250328_1705_MN47455_FBA46097_727b6345.
ER22,internal,full_raw_counted,pod5(with pod5 skip),pod5,,,2713028,,,,,,,,,,,,seqsum_full_n_refill,FLO-MIN114,RAD114,catalogue_sheet4 source; full GL recount completed from /nfs/turbo/umms-atheylab/backup_from_desktop/Files_On_Linux_Desktop/data2/sequencing_data/WholeEColiGenomeAssembly/2925pCYP1ml135ngperulextracted32325/20250328_1730_MN48004_FBA45795_83e8d49f.
ER23,internal,full_raw_counted,pod5(with pod5 skip),pod5,,,249657,,,,,,,,,,,,seqsum_full_n_refill,FLO-MIN114,RAD114,catalogue_sheet4 source; full GL recount completed from /nfs/turbo/umms-atheylab/backup_from_desktop/Files_On_Linux_Desktop/data2/sequencing_data/WholeEColiGenomeAssembly/3-1_2987_0_5mL_chloe_rapidkit/20250329_1432_MD-101527_FBA70225_e42fb2cc.
ER24,internal,full_raw_counted,pod5,pod5,,,9502,,,,,,,,,,,,seqsum_full_n_refill,FLO-FLG114,RAD114,catalogue_sheet4 source; full GL recount completed from /nfs/turbo/umms-atheylab/backup_from_desktop/Files_On_Linux_Desktop/data2/sequencing_data/pCYP_ecoli_rapid_kit/A_2925_labstandard_plasmid_only/20250523_1746_MD-101527_AZL268_c9016532.
ER25,internal,full_raw_counted,pod5,pod5,,,15321,,,,,,,,,,,,seqsum_full_n_refill,FLO-FLG114,RAD114,catalogue_sheet4 source; full GL recount completed from /nfs/turbo/umms-atheylab/backup_from_desktop/Files_On_Linux_Desktop/data2/sequencing_data/pCYP_ecoli_rapid_kit/2C_HMW_DNA_EXTRACT_Ecoli_2925/20250523_1753_MD-100098_AYI507_e44c5db4.
PAW53533,external,raw_unavailable,,,,,275,,,,,,,,,,,,(blank),FLO-PRO114M,sqk-lsk114,In ont-open-data/compost_mgx_2026.04/raw/20240723_1746_4B_PAW53533_f802c0cd/; no sequencing_summary files in bucket; POD5 full download is ~603 GB — infeasible locally. Requires GL scratch for pod5_full_n recount.
PAW91996,external,raw_unavailable,,,,,1692,,,,,,,,,,,,(blank),FLO-PRO114M,sqk-lsk114,In ont-open-data/compost_mgx_2026.04; no sequencing_summary; POD5 full download infeasible locally. Requires GL.
PAW97819,external,raw_unavailable,,,,,1048,,,,,,,,,,,,(blank),FLO-PRO114M,sqk-lsk114,In ont-open-data/compost_mgx_2026.04; no sequencing_summary; POD5 full download infeasible locally. Requires GL.
PBC16207,external,raw_unavailable,,,,,19787,,,,,,,,,,,,(blank),FLO-PRO114M,sqk-lsk114,In ont-open-data/sc_gemx_2025.02/raw/seq_sum/293t/293t_1_1_long/; sequencing_summary is 58 GB — infeasible to download locally. Requires GL scratch for full seqsum parse.
giab_lsk114_2022.12,external,full_raw_counted,,,,,7569897,,,,,,,,,,,,seqsum_full_n_refill,FLO-PRO114M,sqk-lsk114,"Full-N count from seqsum_full_n_refill (pipeline-derived, all reads)."
giab_2025.01,external,full_raw_counted,,,,,8217146,,,,,,,,,,,,seqsum_full_n_refill,FLO-PRO114M,sqk-lsk114,"Full-N count from seqsum_full_n_refill (pipeline-derived, all reads)."
colo829_2024.03,external,full_raw_counted,,,,,6084577,,,,,,,,,,,,seqsum_full_n_refill,FLO-PRO114M,sqk-lsk114,"Full-N count from seqsum_full_n_refill (pipeline-derived, all reads)."
FBC24981,external,full_raw_counted,,,,,65308,,,,,,,,,,,,(blank),FLO-MIN114,sqk-rbk114,"2026-05-29 provenance says this ONT Open Data plasmid_2025.04 row was counted directly from full POD5, but JSON source label is blank."
FBC27737,external,full_raw_counted,,,,,71986,,,,,,,,,,,,(blank),FLO-MIN114,sqk-rbk114,"2026-05-29 provenance says this ONT Open Data plasmid_2025.04 row was counted directly from full POD5, but JSON source label is blank."
FBC27807,external,full_raw_counted,,,,,71092,,,,,,,,,,,,(blank),FLO-MIN114,sqk-rbk114,"2026-05-29 provenance says this ONT Open Data plasmid_2025.04 row was counted directly from full POD5, but JSON source label is blank."
FBC27848,external,full_raw_counted,,,,,66793,,,,,,,,,,,,(blank),FLO-MIN114,sqk-rbk114,"2026-05-29 provenance says this ONT Open Data plasmid_2025.04 row was counted directly from full POD5, but JSON source label is blank."
FBB34001,external,raw_unavailable,,,,,40873,,,,,,,,,,,,pod5_subsample,FLO-MIN114,sqk-nbd114,"pod5_subsample: counted from a single POD5 file (40,873 reads) from Zenodo 18889583. Full dataset download from Zenodo is feasible but requires significant time. Current count is a valid but partial sample."
FAW83592,external,full_raw_counted,,,,,48617,,,,,,,,,,,,fast5_full,FLO-MIN114,sqk-nbd114,Full FAST5 raw-signal count already present.
gm24385_q20_2021.10,external,full_raw_counted,,,,,22158929,,,,,,,,,,,,seqsum_full_n_refill,FLO-PRO002,sqk-lsk110,"Full-N count from seqsum_full_n_refill (pipeline-derived, all reads)."
